{
  "hash": "55259ad0",
  "configHash": "ddb5339c",
  "lockfileHash": "262f139b",
  "browserHash": "5c0a2641",
  "optimized": {
    "@angular/common": {
      "src": "../../../../../node_modules/@angular/common/fesm2022/common.mjs",
      "file": "@angular_common.js",
      "fileHash": "4a04851c",
      "needsInterop": false
    },
    "@angular/common/http": {
      "src": "../../../../../node_modules/@angular/common/fesm2022/http.mjs",
      "file": "@angular_common_http.js",
      "fileHash": "265130ee",
      "needsInterop": false
    },
    "@angular/core": {
      "src": "../../../../../node_modules/@angular/core/fesm2022/core.mjs",
      "file": "@angular_core.js",
      "fileHash": "960dc234",
      "needsInterop": false
    },
    "@angular/forms": {
      "src": "../../../../../node_modules/@angular/forms/fesm2022/forms.mjs",
      "file": "@angular_forms.js",
      "fileHash": "4af7dfcd",
      "needsInterop": false
    },
    "@angular/platform-browser": {
      "src": "../../../../../node_modules/@angular/platform-browser/fesm2022/platform-browser.mjs",
      "file": "@angular_platform-browser.js",
      "fileHash": "73c218e9",
      "needsInterop": false
    },
    "@angular/router": {
      "src": "../../../../../node_modules/@angular/router/fesm2022/router.mjs",
      "file": "@angular_router.js",
      "fileHash": "b4fd00dc",
      "needsInterop": false
    },
    "axios": {
      "src": "../../../../../node_modules/axios/index.js",
      "file": "axios.js",
      "fileHash": "d74ad87f",
      "needsInterop": false
    }
  },
  "chunks": {
    "chunk-YREVRBBM": {
      "file": "chunk-YREVRBBM.js"
    },
    "chunk-AMTQI3XW": {
      "file": "chunk-AMTQI3XW.js"
    },
    "chunk-AUYI4WS3": {
      "file": "chunk-AUYI4WS3.js"
    },
    "chunk-D2CGJCF2": {
      "file": "chunk-D2CGJCF2.js"
    },
    "chunk-4ULMLRGT": {
      "file": "chunk-4ULMLRGT.js"
    }
  }
}