{
  "hash": "ac415105",
  "configHash": "3d4206a1",
  "lockfileHash": "262f139b",
  "browserHash": "5c06a8f5",
  "optimized": {
    "@angular/common": {
      "src": "../../../../../node_modules/@angular/common/fesm2022/common.mjs",
      "file": "@angular_common.js",
      "fileHash": "399d5f7e",
      "needsInterop": false
    },
    "@angular/common/http": {
      "src": "../../../../../node_modules/@angular/common/fesm2022/http.mjs",
      "file": "@angular_common_http.js",
      "fileHash": "beaeb84e",
      "needsInterop": false
    },
    "@angular/core": {
      "src": "../../../../../node_modules/@angular/core/fesm2022/core.mjs",
      "file": "@angular_core.js",
      "fileHash": "28a8ae54",
      "needsInterop": false
    },
    "@angular/forms": {
      "src": "../../../../../node_modules/@angular/forms/fesm2022/forms.mjs",
      "file": "@angular_forms.js",
      "fileHash": "0fe2d123",
      "needsInterop": false
    },
    "@angular/platform-browser": {
      "src": "../../../../../node_modules/@angular/platform-browser/fesm2022/platform-browser.mjs",
      "file": "@angular_platform-browser.js",
      "fileHash": "df3cb712",
      "needsInterop": false
    },
    "@angular/platform-server": {
      "src": "../../../../../node_modules/@angular/platform-server/fesm2022/platform-server.mjs",
      "file": "@angular_platform-server.js",
      "fileHash": "8506ffe8",
      "needsInterop": false
    },
    "@angular/router": {
      "src": "../../../../../node_modules/@angular/router/fesm2022/router.mjs",
      "file": "@angular_router.js",
      "fileHash": "4f90621a",
      "needsInterop": false
    },
    "axios": {
      "src": "../../../../../node_modules/axios/index.js",
      "file": "axios.js",
      "fileHash": "8cfeec3c",
      "needsInterop": false
    }
  },
  "chunks": {
    "xhr2-33TM5DZ2": {
      "file": "xhr2-33TM5DZ2.js"
    },
    "chunk-NNI2FFCL": {
      "file": "chunk-NNI2FFCL.js"
    },
    "chunk-PLOCUBON": {
      "file": "chunk-PLOCUBON.js"
    },
    "chunk-4ZGRMUL4": {
      "file": "chunk-4ZGRMUL4.js"
    },
    "chunk-YPEBVWCF": {
      "file": "chunk-YPEBVWCF.js"
    },
    "chunk-HOWG5LT4": {
      "file": "chunk-HOWG5LT4.js"
    }
  }
}